{"area_sqm": {"grid": [22.6, 25.44137931034483, 28.282758620689656, 31.124137931034486, 33.96551724137932, 36.80689655172414, 39.64827586206897, 42.4896551724138, 45.331034482758625, 48.17241379310345, 51.01379310344828, 53.85517241379311, 56.69655172413794, 59.53793103448277, 62.379310344827594, 65.22068965517242, 68.06206896551726, 70.90344827586208, 73.7448275862069, 76.58620689655173, 79.42758620689656, 82.26896551724138, 85.11034482758622, 87.95172413793105, 90.79310344827587, 93.63448275862069, 96.47586206896554, 99.31724137931036, 102.15862068965518, 105.0], "average": [11.067276989254772, 11.08866024129603, 11.12253591519526, 11.166611510411482, 11.196484743271915, 11.218258720193377, 11.232640660396429, 11.281018712274422, 11.302927189300005, 11.36907439515375, 11.384398925806497, 11.379637249793541, 11.402444584768789, 11.434212316566041, 11.51807154915931, 11.509771083702859, 11.599262433944066, 11.605229774350116, 11.608641151146163, 11.651163569131333, 11.660945336864426, 11.689566362242187, 11.698706836644407, 11.760423991369027, 11.782302589573483, 11.841699831510425, 11.84175311400621, 11.848649100999369, 11.875993984958564, 11.899655615840022]}, "metro_time_min": {"grid": [1.0, 2.0, 3.0, 4.0, 5.0, 6.0, 7.0, 8.0, 9.0, 10.0, 11.0, 12.0, 13.0, 14.0, 15.0, 16.0, 17.0, 18.0, 19.0, 20.0, 21.0, 22.0, 23.0, 24.0, 25.0, 26.0], "average": [11.413837356282828, 11.400473301221702, 11.384318901699562, 11.376696954538117, 11.373471282198631, 11.37419529189951, 11.376299435629479, 11.373764929516078, 11.371095607188106, 11.37047835573603, 11.36939948649292, 11.370126066373915, 11.372901333480682, 11.368991536926114, 11.36856552400579, 11.360154499939778, 11.358049599639086, 11.353144332657871, 11.351327334293792, 11.35236119915014, 11.326648260574126, 11.331138208024575, 11.331138208024575, 11.331138208024575, 11.331138208024575, 11.331138208024575]}}